table_name	column_name	column_type	column_position	table_type
account_metrics_daily	date	Date	1	MT
account_metrics_daily	klaviyo_public_id	String	2	MT
account_metrics_daily	store_public_ids	Array(String)	3	MT
account_metrics_daily	total_orders	UInt32	4	MT
account_metrics_daily	total_revenue	Float64	5	MT
account_metrics_daily	avg_order_value	Float64	6	MT
account_metrics_daily	unique_customers	UInt32	7	MT
account_metrics_daily	unique_products_sold	UInt32	8	MT
account_metrics_daily	total_quantity_sold	UInt32	9	MT
account_metrics_daily	new_customers	UInt32	10	MT
account_metrics_daily	returning_customers	UInt32	11	MT
account_metrics_daily	revenue_7d_ago	Float64	12	MT
account_metrics_daily	revenue_30d_ago	Float64	13	MT
account_metrics_daily	orders_7d_ago	UInt32	14	MT
account_metrics_daily	orders_30d_ago	UInt32	15	MT
account_metrics_daily	campaigns_sent	UInt32	16	MT
account_metrics_daily	campaign_recipients	UInt32	17	MT
account_metrics_daily	campaign_revenue	Float64	18	MT
account_metrics_daily	flow_revenue	Float64	19	MT
account_metrics_daily	campaign_email_revenue	Float64	20	MT
account_metrics_daily	campaign_sms_revenue	Float64	21	MT
account_metrics_daily	campaign_push_revenue	Float64	22	MT
account_metrics_daily	flow_email_revenue	Float64	23	MT
account_metrics_daily	flow_sms_revenue	Float64	24	MT
account_metrics_daily	flow_push_revenue	Float64	25	MT
account_metrics_daily	email_revenue	Float64	26	MT
account_metrics_daily	sms_revenue	Float64	27	MT
account_metrics_daily	push_revenue	Float64	28	MT
account_metrics_daily	email_recipients	UInt32	29	MT
account_metrics_daily	sms_recipients	UInt32	30	MT
account_metrics_daily	push_recipients	UInt32	31	MT
account_metrics_daily	email_delivered	UInt32	32	MT
account_metrics_daily	sms_delivered	UInt32	33	MT
account_metrics_daily	push_delivered	UInt32	34	MT
account_metrics_daily	email_clicks	UInt32	35	MT
account_metrics_daily	sms_clicks	UInt32	36	MT
account_metrics_daily	push_clicks	UInt32	37	MT
account_metrics_daily	last_updated	DateTime64(3)	38	MT
account_metrics_daily	updated_at	DateTime64(3)	39	MT
account_metrics_daily	attributed_revenue	Float64	40	MT
account_metrics_daily	email_opens	Int32	41	MT
account_metrics_daily_latest	date	Date	1	VIEW
account_metrics_daily_latest	klaviyo_public_id	String	2	VIEW
account_metrics_daily_latest	store_public_ids	Array(String)	3	VIEW
account_metrics_daily_latest	total_orders	UInt32	4	VIEW
account_metrics_daily_latest	total_revenue	Float64	5	VIEW
account_metrics_daily_latest	avg_order_value	Float64	6	VIEW
account_metrics_daily_latest	unique_customers	UInt32	7	VIEW
account_metrics_daily_latest	unique_products_sold	UInt32	8	VIEW
account_metrics_daily_latest	total_quantity_sold	UInt32	9	VIEW
account_metrics_daily_latest	new_customers	UInt32	10	VIEW
account_metrics_daily_latest	returning_customers	UInt32	11	VIEW
account_metrics_daily_latest	revenue_7d_ago	Float64	12	VIEW
account_metrics_daily_latest	revenue_30d_ago	Float64	13	VIEW
account_metrics_daily_latest	orders_7d_ago	UInt32	14	VIEW
account_metrics_daily_latest	orders_30d_ago	UInt32	15	VIEW
account_metrics_daily_latest	campaigns_sent	UInt32	16	VIEW
account_metrics_daily_latest	campaign_recipients	UInt32	17	VIEW
account_metrics_daily_latest	campaign_revenue	Float64	18	VIEW
account_metrics_daily_latest	flow_revenue	Float64	19	VIEW
account_metrics_daily_latest	campaign_email_revenue	Float64	20	VIEW
account_metrics_daily_latest	campaign_sms_revenue	Float64	21	VIEW
account_metrics_daily_latest	campaign_push_revenue	Float64	22	VIEW
account_metrics_daily_latest	flow_email_revenue	Float64	23	VIEW
account_metrics_daily_latest	flow_sms_revenue	Float64	24	VIEW
account_metrics_daily_latest	flow_push_revenue	Float64	25	VIEW
account_metrics_daily_latest	email_revenue	Float64	26	VIEW
account_metrics_daily_latest	sms_revenue	Float64	27	VIEW
account_metrics_daily_latest	push_revenue	Float64	28	VIEW
account_metrics_daily_latest	email_recipients	UInt32	29	VIEW
account_metrics_daily_latest	sms_recipients	UInt32	30	VIEW
account_metrics_daily_latest	push_recipients	UInt32	31	VIEW
account_metrics_daily_latest	email_delivered	UInt32	32	VIEW
account_metrics_daily_latest	sms_delivered	UInt32	33	VIEW
account_metrics_daily_latest	push_delivered	UInt32	34	VIEW
account_metrics_daily_latest	email_clicks	UInt32	35	VIEW
account_metrics_daily_latest	sms_clicks	UInt32	36	VIEW
account_metrics_daily_latest	push_clicks	UInt32	37	VIEW
account_metrics_daily_latest	last_updated	DateTime64(3)	38	VIEW
account_metrics_daily_latest	updated_at	DateTime64(3)	39	VIEW
account_metrics_daily_latest	attributed_revenue	Float64	40	VIEW
account_metrics_daily_latest	email_opens	Int32	41	VIEW
ai_best_performers	klaviyo_public_id	String	1	VIEW
ai_best_performers	type	String	2	VIEW
ai_best_performers	name	String	3	VIEW
ai_best_performers	send_channel	String	4	VIEW
ai_best_performers	date	Date	5	VIEW
ai_best_performers	revenue	Float64	6	VIEW
ai_best_performers	open_rate_pct	Float64	7	VIEW
ai_best_performers	click_rate_pct	Float64	8	VIEW
ai_best_performers	recipients	UInt32	9	VIEW
ai_best_performers	performance_label	String	10	VIEW
ai_campaign_recent	klaviyo_public_id	String	1	VIEW
ai_campaign_recent	date	Date	2	VIEW
ai_campaign_recent	campaign_id	String	3	VIEW
ai_campaign_recent	campaign_name	String	4	VIEW
ai_campaign_recent	send_channel	String	5	VIEW
ai_campaign_recent	recipients	UInt32	6	VIEW
ai_campaign_recent	open_rate_pct	Float64	7	VIEW
ai_campaign_recent	click_rate_pct	Float64	8	VIEW
ai_campaign_recent	conversion_rate_pct	Float64	9	VIEW
ai_campaign_recent	revenue	Float64	10	VIEW
ai_campaign_recent	wow_revenue_change_pct	Float32	11	VIEW
ai_campaign_recent	vs_account_revenue_pct	Float32	12	VIEW
ai_campaign_recent	day_name	String	13	VIEW
ai_campaign_recent	is_weekend	UInt8	14	VIEW
ai_campaign_recent	performance_label	String	15	VIEW
ai_campaign_recent	data_freshness	DateTime	16	VIEW
ai_campaign_weekly	klaviyo_public_id	String	1	VIEW
ai_campaign_weekly	week_start_date	Date	2	VIEW
ai_campaign_weekly	campaign_id	String	3	VIEW
ai_campaign_weekly	campaign_name	String	4	VIEW
ai_campaign_weekly	send_channel	String	5	VIEW
ai_campaign_weekly	total_recipients	UInt32	6	VIEW
ai_campaign_weekly	total_revenue	Float64	7	VIEW
ai_campaign_weekly	avg_open_rate_pct	Float64	8	VIEW
ai_campaign_weekly	avg_click_rate_pct	Float64	9	VIEW
ai_campaign_weekly	campaigns_sent	UInt16	10	VIEW
ai_campaign_weekly	best_day_date	Date	11	VIEW
ai_campaign_weekly	best_day_revenue	Float64	12	VIEW
ai_campaign_weekly	wow_revenue_change_pct	Float32	13	VIEW
ai_channel_comparison	klaviyo_public_id	String	1	VIEW
ai_channel_comparison	send_channel	String	2	VIEW
ai_channel_comparison	revenue_last_7d	Float64	3	VIEW
ai_channel_comparison	open_rate_last_7d_pct	Nullable(Float64)	4	VIEW
ai_channel_comparison	click_rate_last_7d_pct	Nullable(Float64)	5	VIEW
ai_channel_comparison	revenue_last_30d	Float64	6	VIEW
ai_channel_comparison	open_rate_last_30d_pct	Nullable(Float64)	7	VIEW
ai_channel_comparison	click_rate_last_30d_pct	Nullable(Float64)	8	VIEW
ai_channel_comparison	pct_of_total_revenue	Float32	9	VIEW
ai_day_of_week_patterns	klaviyo_public_id	String	1	VIEW
ai_day_of_week_patterns	source	String	2	VIEW
ai_day_of_week_patterns	day_name	String	3	VIEW
ai_day_of_week_patterns	day_of_week	UInt8	4	VIEW
ai_day_of_week_patterns	is_weekend	UInt8	5	VIEW
ai_day_of_week_patterns	total_sends	UInt64	6	VIEW
ai_day_of_week_patterns	avg_open_rate_pct	Float64	7	VIEW
ai_day_of_week_patterns	avg_click_rate_pct	Float64	8	VIEW
ai_day_of_week_patterns	avg_revenue	Float64	9	VIEW
ai_day_of_week_patterns	total_revenue	Float64	10	VIEW
ai_flow_recent	klaviyo_public_id	String	1	VIEW
ai_flow_recent	date	Date	2	VIEW
ai_flow_recent	flow_id	String	3	VIEW
ai_flow_recent	flow_name	String	4	VIEW
ai_flow_recent	send_channel	String	5	VIEW
ai_flow_recent	recipients	UInt32	6	VIEW
ai_flow_recent	open_rate_pct	Float64	7	VIEW
ai_flow_recent	click_rate_pct	Float64	8	VIEW
ai_flow_recent	conversion_rate_pct	Float64	9	VIEW
ai_flow_recent	revenue	Float64	10	VIEW
ai_flow_recent	wow_revenue_change_pct	Float32	11	VIEW
ai_flow_recent	vs_account_revenue_pct	Float32	12	VIEW
ai_flow_recent	day_name	String	13	VIEW
ai_flow_recent	is_weekend	UInt8	14	VIEW
ai_flow_recent	performance_label	String	15	VIEW
ai_flow_recent	data_freshness	DateTime	16	VIEW
ai_flow_weekly	klaviyo_public_id	String	1	VIEW
ai_flow_weekly	week_start_date	Date	2	VIEW
ai_flow_weekly	flow_id	String	3	VIEW
ai_flow_weekly	flow_name	String	4	VIEW
ai_flow_weekly	send_channel	String	5	VIEW
ai_flow_weekly	total_recipients	UInt32	6	VIEW
ai_flow_weekly	total_revenue	Float64	7	VIEW
ai_flow_weekly	avg_open_rate_pct	Float64	8	VIEW
ai_flow_weekly	avg_click_rate_pct	Float64	9	VIEW
ai_flow_weekly	active_days	UInt8	10	VIEW
ai_flow_weekly	best_day_date	Date	11	VIEW
ai_flow_weekly	best_day_revenue	Float64	12	VIEW
ai_flow_weekly	wow_revenue_change_pct	Float32	13	VIEW
ai_historical_baseline	klaviyo_public_id	String	1	VIEW
ai_historical_baseline	month	Date	2	VIEW
ai_historical_baseline	source_type	String	3	VIEW
ai_historical_baseline	send_channel	String	4	VIEW
ai_historical_baseline	total_sends	UInt64	5	VIEW
ai_historical_baseline	total_recipients	UInt64	6	VIEW
ai_historical_baseline	total_revenue	Float64	7	VIEW
ai_historical_baseline	avg_open_rate_pct	Float64	8	VIEW
ai_historical_baseline	avg_click_rate_pct	Float64	9	VIEW
ai_historical_baseline	min_open_rate_pct	Float64	10	VIEW
ai_historical_baseline	max_open_rate_pct	Float64	11	VIEW
brand_performance	klaviyo_public_id	String	1	MT
brand_performance	vendor	String	2	MT
brand_performance	total_products	UInt32	3	MT
brand_performance	active_products	UInt32	4	MT
brand_performance	total_revenue	Float64	5	MT
brand_performance	total_orders	UInt32	6	MT
brand_performance	avg_order_value	Float64	7	MT
brand_performance	unique_customers	UInt32	8	MT
brand_performance	customer_ltv	Float64	9	MT
brand_performance	repeat_customer_rate	Float64	10	MT
brand_performance	revenue_per_product	Float64	11	MT
brand_performance	total_quantity_sold	Float64	12	MT
brand_performance	avg_product_price	Float64	13	MT
brand_performance	updated_at	DateTime	14	MT
buyer_segments_analysis	klaviyo_public_id	String	1	MT
buyer_segments_analysis	buyer_segment	String	2	MT
buyer_segments_analysis	customer_count	UInt32	3	MT
buyer_segments_analysis	total_revenue	Float64	4	MT
buyer_segments_analysis	avg_order_value	Float64	5	MT
buyer_segments_analysis	avg_ltv	Float64	6	MT
buyer_segments_analysis	pct_of_customers	Float64	7	MT
buyer_segments_analysis	pct_of_revenue	Float64	8	MT
buyer_segments_analysis	avg_days_between_orders	Float64	9	MT
buyer_segments_analysis	top_products	Array(Tuple(String, String, UInt32, Float64))	10	MT
buyer_segments_analysis	top_categories	Array(Tuple(String, UInt32, Float64))	11	MT
buyer_segments_analysis	top_first_products	Array(Tuple(String, String, UInt32))	12	MT
buyer_segments_analysis	calculated_at	DateTime64(3)	13	MT
campaign_ai_summary	klaviyo_public_id	String	1	MT
campaign_ai_summary	date	Date	2	MT
campaign_ai_summary	campaign_id	String	3	MT
campaign_ai_summary	campaign_name	String	4	MT
campaign_ai_summary	send_channel	String	5	MT
campaign_ai_summary	recipients	UInt32	6	MT
campaign_ai_summary	opens	UInt32	7	MT
campaign_ai_summary	opens_unique	UInt32	8	MT
campaign_ai_summary	clicks	UInt32	9	MT
campaign_ai_summary	clicks_unique	UInt32	10	MT
campaign_ai_summary	conversions	UInt32	11	MT
campaign_ai_summary	conversion_value	Float64	12	MT
campaign_ai_summary	open_rate	Float32	13	MT
campaign_ai_summary	click_rate	Float32	14	MT
campaign_ai_summary	click_to_open_rate	Float32	15	MT
campaign_ai_summary	conversion_rate	Float32	16	MT
campaign_ai_summary	revenue_per_recipient	Float32	17	MT
campaign_ai_summary	bounced	UInt32	18	MT
campaign_ai_summary	unsubscribes	UInt32	19	MT
campaign_ai_summary	spam_complaints	UInt32	20	MT
campaign_ai_summary	day_of_week	UInt8	21	MT
campaign_ai_summary	day_name	String	22	MT
campaign_ai_summary	is_weekend	UInt8	23	MT
campaign_ai_summary	ma_7day_open_rate	Float32	24	MT
campaign_ai_summary	ma_7day_click_rate	Float32	25	MT
campaign_ai_summary	ma_7day_conversion_rate	Float32	26	MT
campaign_ai_summary	ma_7day_revenue	Float64	27	MT
campaign_ai_summary	wow_open_rate_change_pct	Float32	28	MT
campaign_ai_summary	wow_click_rate_change_pct	Float32	29	MT
campaign_ai_summary	wow_revenue_change_pct	Float32	30	MT
campaign_ai_summary	account_avg_open_rate	Float32	31	MT
campaign_ai_summary	account_avg_click_rate	Float32	32	MT
campaign_ai_summary	account_avg_revenue	Float64	33	MT
campaign_ai_summary	vs_account_open_rate_pct	Float32	34	MT
campaign_ai_summary	vs_account_click_rate_pct	Float32	35	MT
campaign_ai_summary	vs_account_revenue_pct	Float32	36	MT
campaign_ai_summary	is_high_performer	UInt8	37	MT
campaign_ai_summary	is_low_performer	UInt8	38	MT
campaign_ai_summary	is_anomaly	UInt8	39	MT
campaign_ai_summary	performance_label	String	40	MT
campaign_ai_summary	updated_at	DateTime	41	MT
campaign_statistics	date	Date	1	MT
campaign_statistics	updated_at	DateTime64(3)	2	MT
campaign_statistics	klaviyo_public_id	String	3	MT
campaign_statistics	campaign_id	String	4	MT
campaign_statistics	campaign_message_id	String	5	MT
campaign_statistics	send_channel	String	6	MT
campaign_statistics	store_public_ids	Array(String)	7	MT
campaign_statistics	recipients	UInt32	8	MT
campaign_statistics	delivered	UInt32	9	MT
campaign_statistics	opens	UInt32	10	MT
campaign_statistics	opens_unique	UInt32	11	MT
campaign_statistics	clicks	UInt32	12	MT
campaign_statistics	clicks_unique	UInt32	13	MT
campaign_statistics	conversions	UInt32	14	MT
campaign_statistics	conversion_uniques	UInt32	15	MT
campaign_statistics	delivery_rate	UInt16	16	MT
campaign_statistics	open_rate	UInt16	17	MT
campaign_statistics	click_rate	UInt16	18	MT
campaign_statistics	click_to_open_rate	UInt16	19	MT
campaign_statistics	conversion_rate	UInt16	20	MT
campaign_statistics	conversion_value	Float64	21	MT
campaign_statistics	average_order_value	Float64	22	MT
campaign_statistics	revenue_per_recipient	Float64	23	MT
campaign_statistics	bounced	UInt32	24	MT
campaign_statistics	bounced_or_failed	UInt32	25	MT
campaign_statistics	failed	UInt32	26	MT
campaign_statistics	spam_complaints	UInt32	27	MT
campaign_statistics	spam_complaint_uniques	UInt32	28	MT
campaign_statistics	unsubscribes	UInt32	29	MT
campaign_statistics	unsubscribe_uniques	UInt32	30	MT
campaign_statistics	bounce_rate	UInt16	31	MT
campaign_statistics	bounced_or_failed_rate	UInt16	32	MT
campaign_statistics	failed_rate	UInt16	33	MT
campaign_statistics	spam_complaint_rate	UInt16	34	MT
campaign_statistics	unsubscribe_rate	UInt16	35	MT
campaign_statistics	campaign_name	String	36	MT
campaign_statistics	tag_ids	Array(String)	37	MT
campaign_statistics	tag_names	Array(String)	38	MT
campaign_statistics	subject	String	39	MT
campaign_statistics	preview_text	String	40	MT
campaign_statistics	from_email	String	41	MT
campaign_statistics	from_label	String	42	MT
campaign_statistics_latest	klaviyo_public_id	String	1	VIEW
campaign_statistics_latest	date	Date	2	VIEW
campaign_statistics_latest	campaign_id	String	3	VIEW
campaign_statistics_latest	campaign_message_id	String	4	VIEW
campaign_statistics_latest	send_channel	String	5	VIEW
campaign_statistics_latest	campaign_name	String	6	VIEW
campaign_statistics_latest	store_public_ids	Array(String)	7	VIEW
campaign_statistics_latest	tag_ids	Array(String)	8	VIEW
campaign_statistics_latest	tag_names	Array(String)	9	VIEW
campaign_statistics_latest	recipients	UInt32	10	VIEW
campaign_statistics_latest	delivered	UInt32	11	VIEW
campaign_statistics_latest	opens	UInt32	12	VIEW
campaign_statistics_latest	opens_unique	UInt32	13	VIEW
campaign_statistics_latest	clicks	UInt32	14	VIEW
campaign_statistics_latest	clicks_unique	UInt32	15	VIEW
campaign_statistics_latest	conversions	UInt32	16	VIEW
campaign_statistics_latest	conversion_uniques	UInt32	17	VIEW
campaign_statistics_latest	delivery_rate	UInt16	18	VIEW
campaign_statistics_latest	open_rate	UInt16	19	VIEW
campaign_statistics_latest	click_rate	UInt16	20	VIEW
campaign_statistics_latest	click_to_open_rate	UInt16	21	VIEW
campaign_statistics_latest	conversion_rate	UInt16	22	VIEW
campaign_statistics_latest	conversion_value	Float64	23	VIEW
campaign_statistics_latest	average_order_value	Float64	24	VIEW
campaign_statistics_latest	revenue_per_recipient	Float64	25	VIEW
campaign_statistics_latest	bounced	UInt32	26	VIEW
campaign_statistics_latest	bounced_or_failed	UInt32	27	VIEW
campaign_statistics_latest	failed	UInt32	28	VIEW
campaign_statistics_latest	spam_complaints	UInt32	29	VIEW
campaign_statistics_latest	unsubscribes	UInt32	30	VIEW
campaign_statistics_latest	last_updated	DateTime64(3)	31	VIEW
campaign_weekly_rollup	klaviyo_public_id	String	1	MT
campaign_weekly_rollup	week_start_date	Date	2	MT
campaign_weekly_rollup	campaign_id	String	3	MT
campaign_weekly_rollup	campaign_name	String	4	MT
campaign_weekly_rollup	send_channel	String	5	MT
campaign_weekly_rollup	total_recipients	UInt32	6	MT
campaign_weekly_rollup	total_opens	UInt32	7	MT
campaign_weekly_rollup	total_clicks	UInt32	8	MT
campaign_weekly_rollup	total_conversions	UInt32	9	MT
campaign_weekly_rollup	total_revenue	Float64	10	MT
campaign_weekly_rollup	avg_open_rate	Float32	11	MT
campaign_weekly_rollup	avg_click_rate	Float32	12	MT
campaign_weekly_rollup	avg_conversion_rate	Float32	13	MT
campaign_weekly_rollup	campaigns_sent	UInt16	14	MT
campaign_weekly_rollup	best_day_date	Date	15	MT
campaign_weekly_rollup	best_day_revenue	Float64	16	MT
campaign_weekly_rollup	best_day_open_rate	Float32	17	MT
campaign_weekly_rollup	wow_revenue_change_pct	Float32	18	MT
campaign_weekly_rollup	wow_open_rate_change_pct	Float32	19	MT
campaign_weekly_rollup	updated_at	DateTime	20	MT
channel_performance_daily	klaviyo_public_id	String	1	MT
channel_performance_daily	date	Date	2	MT
channel_performance_daily	send_channel	String	3	MT
channel_performance_daily	total_campaigns	UInt16	4	MT
channel_performance_daily	total_flows	UInt16	5	MT
channel_performance_daily	total_sends	UInt16	6	MT
channel_performance_daily	total_recipients	UInt32	7	MT
channel_performance_daily	total_opens	UInt32	8	MT
channel_performance_daily	total_clicks	UInt32	9	MT
channel_performance_daily	total_conversions	UInt32	10	MT
channel_performance_daily	total_revenue	Float64	11	MT
channel_performance_daily	avg_open_rate	Float32	12	MT
channel_performance_daily	avg_click_rate	Float32	13	MT
channel_performance_daily	avg_conversion_rate	Float32	14	MT
channel_performance_daily	revenue_per_recipient	Float32	15	MT
channel_performance_daily	revenue_rank	UInt8	16	MT
channel_performance_daily	engagement_rank	UInt8	17	MT
channel_performance_daily	pct_of_total_revenue	Float32	18	MT
channel_performance_daily	pct_of_total_sends	Float32	19	MT
channel_performance_daily	updated_at	DateTime	20	MT
customer_first_orders_cache	klaviyo_public_id	String	1	MT
customer_first_orders_cache	customer_email	String	2	MT
customer_first_orders_cache	first_order_id	String	3	MT
customer_first_orders_cache	first_order_date	DateTime64(3)	4	MT
customer_first_orders_cache	first_order_value	Float64	5	MT
customer_first_orders_cache	cohort_month	Date	6	MT
customer_first_orders_cache	first_product_id	String	7	MT
customer_first_orders_cache	first_product_sku	String	8	MT
customer_first_orders_cache	first_product_name	String	9	MT
customer_first_orders_cache	first_product_category	String	10	MT
customer_first_orders_cache	first_product_brand	String	11	MT
customer_first_orders_cache	second_order_date	DateTime64(3)	12	MT
customer_first_orders_cache	last_updated	DateTime64(3)	13	MT
customer_ltv_predictions	klaviyo_public_id	String	1	MT
customer_ltv_predictions	customer_email	String	2	MT
customer_ltv_predictions	prediction_date	Date	3	MT
customer_ltv_predictions	first_order_date	DateTime	4	MT
customer_ltv_predictions	first_product_id	String	5	MT
customer_ltv_predictions	first_order_value	Float64	6	MT
customer_ltv_predictions	predicted_ltv_30d	Float64	7	MT
customer_ltv_predictions	predicted_ltv_90d	Float64	8	MT
customer_ltv_predictions	predicted_ltv_180d	Float64	9	MT
customer_ltv_predictions	predicted_ltv_365d	Float64	10	MT
customer_ltv_predictions	actual_ltv_to_date	Float64	11	MT
customer_ltv_predictions	actual_orders_to_date	UInt32	12	MT
customer_ltv_predictions	days_since_first_order	UInt32	13	MT
customer_ltv_predictions	performance_status	String	14	MT
customer_ltv_predictions	performance_index	Float64	15	MT
customer_ltv_predictions	confidence_score	Float64	16	MT
customer_ltv_predictions	recommended_action	String	17	MT
customer_ltv_predictions	recommended_campaign_type	String	18	MT
customer_ltv_predictions	risk_of_churn	Float64	19	MT
customer_ltv_predictions	prediction_model_version	String	20	MT
customer_ltv_predictions	updated_at	DateTime	21	MT
customer_profiles	klaviyo_public_id	String	1	MT
customer_profiles	customer_email	String	2	MT
customer_profiles	total_orders	UInt32	3	MT
customer_profiles	total_revenue	Float64	4	MT
customer_profiles	avg_order_value	Float64	5	MT
customer_profiles	unique_products_purchased	UInt32	6	MT
customer_profiles	favorite_product	String	7	MT
customer_profiles	favorite_category	String	8	MT
customer_profiles	favorite_brand	String	9	MT
customer_profiles	first_order_date	Date	10	MT
customer_profiles	last_order_date	Date	11	MT
customer_profiles	days_since_last_order	UInt32	12	MT
customer_profiles	orders_last_30_days	UInt32	13	MT
customer_profiles	revenue_last_30_days	Float64	14	MT
customer_profiles	recency_score	UInt8	15	MT
customer_profiles	frequency_score	UInt8	16	MT
customer_profiles	monetary_score	UInt8	17	MT
customer_profiles	rfm_segment	String	18	MT
customer_profiles	total_refunds	UInt32	19	MT
customer_profiles	total_refund_amount	Float64	20	MT
customer_profiles	net_revenue	Float64	21	MT
customer_profiles	net_orders	UInt32	22	MT
customer_profiles	refund_rate	Float64	23	MT
customer_profiles	updated_at	DateTime64(3)	24	MT
discount_dependency	klaviyo_public_id	String	1	MT
discount_dependency	discount_code	String	2	MT
discount_dependency	usage_count	Int32	3	MT
discount_dependency	total_revenue	Float64	4	MT
discount_dependency	avg_order_value	Float64	5	MT
discount_dependency	customer_retention_rate	Float64	6	MT
discount_dependency	repeat_purchase_rate	Float64	7	MT
discount_dependency	dependency_score	Float64	8	MT
discount_dependency	customer_segment	String	9	MT
discount_dependency	created_at	DateTime	10	MT
discount_dependency	updated_at	DateTime64(3)	11	MT
discount_usage_analytics	klaviyo_public_id	String	1	MT
discount_usage_analytics	analysis_date	Date	2	MT
discount_usage_analytics	total_orders	UInt32	3	MT
discount_usage_analytics	orders_with_discount	UInt32	4	MT
discount_usage_analytics	discount_usage_rate	Float64	5	MT
discount_usage_analytics	avg_discount_amount	Float64	6	MT
discount_usage_analytics	avg_discount_percentage	Float64	7	MT
discount_usage_analytics	total_discount_given	Float64	8	MT
discount_usage_analytics	first_orders_total	UInt32	9	MT
discount_usage_analytics	first_orders_with_discount	UInt32	10	MT
discount_usage_analytics	first_order_discount_rate	Float64	11	MT
discount_usage_analytics	avg_first_order_discount_pct	Float64	12	MT
discount_usage_analytics	avg_ltv_with_first_discount	Float64	13	MT
discount_usage_analytics	avg_ltv_without_first_discount	Float64	14	MT
discount_usage_analytics	retention_rate_with_discount	Float64	15	MT
discount_usage_analytics	retention_rate_without_discount	Float64	16	MT
discount_usage_analytics	top_discount_codes	Array(Tuple(String, UInt32, Float64))	17	MT
discount_usage_analytics	discount_usage_1x_buyers	Float64	18	MT
discount_usage_analytics	discount_usage_2x_buyers	Float64	19	MT
discount_usage_analytics	discount_usage_3x_plus_buyers	Float64	20	MT
discount_usage_analytics	calculated_at	DateTime64(3)	21	MT
first_purchase_ltv	klaviyo_public_id	String	1	MT
first_purchase_ltv	first_product_id	String	2	MT
first_purchase_ltv	first_product_name	String	3	MT
first_purchase_ltv	customers_acquired	Int32	4	MT
first_purchase_ltv	avg_ltv_30d	Float64	5	MT
first_purchase_ltv	avg_ltv_60d	Float64	6	MT
first_purchase_ltv	avg_ltv_90d	Float64	7	MT
first_purchase_ltv	avg_ltv_lifetime	Float64	8	MT
first_purchase_ltv	avg_repeat_rate	Float64	9	MT
first_purchase_ltv	avg_orders_per_customer	Float64	10	MT
first_purchase_ltv	top_second_products	Array(String)	11	MT
first_purchase_ltv	top_third_products	Array(String)	12	MT
first_purchase_ltv	created_at	DateTime	13	MT
first_purchase_ltv	updated_at	DateTime64(3)	14	MT
first_purchase_ltv_analysis	klaviyo_public_id	String	1	MT
first_purchase_ltv_analysis	first_product_id	String	2	MT
first_purchase_ltv_analysis	first_product_sku	String	3	MT
first_purchase_ltv_analysis	first_product_name	String	4	MT
first_purchase_ltv_analysis	first_product_category	String	5	MT
first_purchase_ltv_analysis	first_product_brand	String	6	MT
first_purchase_ltv_analysis	cohort_month	Date	7	MT
first_purchase_ltv_analysis	customers_acquired	UInt32	8	MT
first_purchase_ltv_analysis	avg_first_order_value	Float64	9	MT
first_purchase_ltv_analysis	avg_ltv_30d	Float64	10	MT
first_purchase_ltv_analysis	avg_ltv_60d	Float64	11	MT
first_purchase_ltv_analysis	avg_ltv_90d	Float64	12	MT
first_purchase_ltv_analysis	avg_ltv_180d	Float64	13	MT
first_purchase_ltv_analysis	avg_ltv_365d	Float64	14	MT
first_purchase_ltv_analysis	avg_ltv_lifetime	Float64	15	MT
first_purchase_ltv_analysis	ltv_to_cac_ratio	Float64	16	MT
first_purchase_ltv_analysis	ltv_multiplier_30d	Float64	17	MT
first_purchase_ltv_analysis	ltv_multiplier_90d	Float64	18	MT
first_purchase_ltv_analysis	ltv_multiplier_365d	Float64	19	MT
first_purchase_ltv_analysis	repeat_purchase_rate_30d	Float64	20	MT
first_purchase_ltv_analysis	repeat_purchase_rate_90d	Float64	21	MT
first_purchase_ltv_analysis	repeat_purchase_rate_365d	Float64	22	MT
first_purchase_ltv_analysis	avg_orders_per_customer	Float64	23	MT
first_purchase_ltv_analysis	avg_days_to_second_order	Float64	24	MT
first_purchase_ltv_analysis	avg_products_per_customer	Float64	25	MT
first_purchase_ltv_analysis	top_second_products	Array(String)	26	MT
first_purchase_ltv_analysis	top_second_categories	Array(String)	27	MT
first_purchase_ltv_analysis	refund_rate	Float64	28	MT
first_purchase_ltv_analysis	updated_at	DateTime	29	MT
flow_ai_summary	klaviyo_public_id	String	1	MT
flow_ai_summary	date	Date	2	MT
flow_ai_summary	flow_id	String	3	MT
flow_ai_summary	flow_name	String	4	MT
flow_ai_summary	flow_message_id	String	5	MT
flow_ai_summary	flow_message_name	String	6	MT
flow_ai_summary	send_channel	String	7	MT
flow_ai_summary	recipients	UInt32	8	MT
flow_ai_summary	opens	UInt32	9	MT
flow_ai_summary	opens_unique	UInt32	10	MT
flow_ai_summary	clicks	UInt32	11	MT
flow_ai_summary	clicks_unique	UInt32	12	MT
flow_ai_summary	conversions	UInt32	13	MT
flow_ai_summary	conversion_value	Float64	14	MT
flow_ai_summary	open_rate	Float32	15	MT
flow_ai_summary	click_rate	Float32	16	MT
flow_ai_summary	click_to_open_rate	Float32	17	MT
flow_ai_summary	conversion_rate	Float32	18	MT
flow_ai_summary	revenue_per_recipient	Float32	19	MT
flow_ai_summary	bounced	UInt32	20	MT
flow_ai_summary	unsubscribes	UInt32	21	MT
flow_ai_summary	spam_complaints	UInt32	22	MT
flow_ai_summary	day_of_week	UInt8	23	MT
flow_ai_summary	day_name	String	24	MT
flow_ai_summary	is_weekend	UInt8	25	MT
flow_ai_summary	ma_7day_open_rate	Float32	26	MT
flow_ai_summary	ma_7day_click_rate	Float32	27	MT
flow_ai_summary	ma_7day_conversion_rate	Float32	28	MT
flow_ai_summary	ma_7day_revenue	Float64	29	MT
flow_ai_summary	wow_open_rate_change_pct	Float32	30	MT
flow_ai_summary	wow_click_rate_change_pct	Float32	31	MT
flow_ai_summary	wow_revenue_change_pct	Float32	32	MT
flow_ai_summary	account_avg_open_rate	Float32	33	MT
flow_ai_summary	account_avg_click_rate	Float32	34	MT
flow_ai_summary	account_avg_revenue	Float64	35	MT
flow_ai_summary	vs_account_open_rate_pct	Float32	36	MT
flow_ai_summary	vs_account_click_rate_pct	Float32	37	MT
flow_ai_summary	vs_account_revenue_pct	Float32	38	MT
flow_ai_summary	is_high_performer	UInt8	39	MT
flow_ai_summary	is_low_performer	UInt8	40	MT
flow_ai_summary	is_anomaly	UInt8	41	MT
flow_ai_summary	performance_label	String	42	MT
flow_ai_summary	updated_at	DateTime	43	MT
flow_metadata	klaviyo_public_id	String	1	MT
flow_metadata	flow_id	String	2	MT
flow_metadata	flow_name	String	3	MT
flow_metadata	status	String	4	MT
flow_metadata	trigger_type	String	5	MT
flow_metadata	created_at	DateTime64(3)	6	MT
flow_metadata	updated_at	DateTime64(3)	7	MT
flow_metadata	last_activity	Date	8	MT
flow_metadata	is_active	UInt8	9	MT
flow_metadata	total_messages	UInt32	10	MT
flow_statistics	date	Date	1	MT
flow_statistics	klaviyo_public_id	String	2	MT
flow_statistics	flow_id	String	3	MT
flow_statistics	flow_name	String	4	MT
flow_statistics	flow_message_id	String	5	MT
flow_statistics	send_channel	String	6	MT
flow_statistics	store_public_ids	Array(String)	7	MT
flow_statistics	recipients	UInt32	8	MT
flow_statistics	delivered	UInt32	9	MT
flow_statistics	opens	UInt32	10	MT
flow_statistics	opens_unique	UInt32	11	MT
flow_statistics	clicks	UInt32	12	MT
flow_statistics	clicks_unique	UInt32	13	MT
flow_statistics	conversions	UInt32	14	MT
flow_statistics	conversion_uniques	UInt32	15	MT
flow_statistics	conversion_value	Float64	16	MT
flow_statistics	average_order_value	Float64	17	MT
flow_statistics	revenue_per_recipient	Float64	18	MT
flow_statistics	bounced	UInt32	19	MT
flow_statistics	unsubscribes	UInt32	20	MT
flow_statistics	unsubscribe_uniques	UInt32	21	MT
flow_statistics	open_rate	Float64	22	MT
flow_statistics	click_rate	Float64	23	MT
flow_statistics	delivery_rate	Float64	24	MT
flow_statistics	bounce_rate	Float64	25	MT
flow_statistics	unsubscribe_rate	Float64	26	MT
flow_statistics	spam_complaint_rate	Float64	27	MT
flow_statistics	click_to_open_rate	Float64	28	MT
flow_statistics	conversion_rate	Float64	29	MT
flow_statistics	bounced_or_failed	UInt32	30	MT
flow_statistics	bounced_or_failed_rate	Float64	31	MT
flow_statistics	failed	UInt32	32	MT
flow_statistics	updated_at	DateTime64(3)	33	MT
flow_statistics	flow_message_name	String	34	MT
flow_statistics	tag_ids	Array(String)	35	MT
flow_statistics	tag_names	Array(String)	36	MT
flow_statistics_latest	klaviyo_public_id	String	1	VIEW
flow_statistics_latest	date	Date	2	VIEW
flow_statistics_latest	flow_id	String	3	VIEW
flow_statistics_latest	flow_message_id	String	4	VIEW
flow_statistics_latest	flow_name	String	5	VIEW
flow_statistics_latest	flow_message_name	String	6	VIEW
flow_statistics_latest	send_channel	String	7	VIEW
flow_statistics_latest	store_public_ids	Array(String)	8	VIEW
flow_statistics_latest	tag_ids	Array(String)	9	VIEW
flow_statistics_latest	tag_names	Array(String)	10	VIEW
flow_statistics_latest	recipients	UInt32	11	VIEW
flow_statistics_latest	delivered	UInt32	12	VIEW
flow_statistics_latest	opens	UInt32	13	VIEW
flow_statistics_latest	opens_unique	UInt32	14	VIEW
flow_statistics_latest	clicks	UInt32	15	VIEW
flow_statistics_latest	clicks_unique	UInt32	16	VIEW
flow_statistics_latest	conversions	UInt32	17	VIEW
flow_statistics_latest	conversion_uniques	UInt32	18	VIEW
flow_statistics_latest	delivery_rate	Float64	19	VIEW
flow_statistics_latest	open_rate	Float64	20	VIEW
flow_statistics_latest	click_rate	Float64	21	VIEW
flow_statistics_latest	click_to_open_rate	Float64	22	VIEW
flow_statistics_latest	conversion_rate	Float64	23	VIEW
flow_statistics_latest	conversion_value	Float64	24	VIEW
flow_statistics_latest	average_order_value	Float64	25	VIEW
flow_statistics_latest	revenue_per_recipient	Float64	26	VIEW
flow_statistics_latest	bounced	UInt32	27	VIEW
flow_statistics_latest	bounced_or_failed	UInt32	28	VIEW
flow_statistics_latest	failed	UInt32	29	VIEW
flow_statistics_latest	unsubscribes	UInt32	30	VIEW
flow_statistics_latest	unsubscribe_rate	Float64	31	VIEW
flow_statistics_latest	spam_complaint_rate	Float64	32	VIEW
flow_statistics_latest	last_updated	DateTime64(3)	33	VIEW
flow_weekly_rollup	klaviyo_public_id	String	1	MT
flow_weekly_rollup	week_start_date	Date	2	MT
flow_weekly_rollup	flow_id	String	3	MT
flow_weekly_rollup	flow_name	String	4	MT
flow_weekly_rollup	send_channel	String	5	MT
flow_weekly_rollup	total_recipients	UInt32	6	MT
flow_weekly_rollup	total_opens	UInt32	7	MT
flow_weekly_rollup	total_clicks	UInt32	8	MT
flow_weekly_rollup	total_conversions	UInt32	9	MT
flow_weekly_rollup	total_revenue	Float64	10	MT
flow_weekly_rollup	avg_open_rate	Float32	11	MT
flow_weekly_rollup	avg_click_rate	Float32	12	MT
flow_weekly_rollup	avg_conversion_rate	Float32	13	MT
flow_weekly_rollup	active_days	UInt8	14	MT
flow_weekly_rollup	best_day_date	Date	15	MT
flow_weekly_rollup	best_day_revenue	Float64	16	MT
flow_weekly_rollup	wow_revenue_change_pct	Float32	17	MT
flow_weekly_rollup	wow_open_rate_change_pct	Float32	18	MT
flow_weekly_rollup	updated_at	DateTime	19	MT
form_ai_performance	klaviyo_public_id	String	1	MT
form_ai_performance	date	Date	2	MT
form_ai_performance	form_id	String	3	MT
form_ai_performance	form_name	String	4	MT
form_ai_performance	total_views	UInt32	5	MT
form_ai_performance	unique_views	UInt32	6	MT
form_ai_performance	total_submits	UInt32	7	MT
form_ai_performance	unique_submits	UInt32	8	MT
form_ai_performance	submit_rate	Float32	9	MT
form_ai_performance	unique_submit_rate	Float32	10	MT
form_ai_performance	step_views	UInt32	11	MT
form_ai_performance	step_submits	UInt32	12	MT
form_ai_performance	step_completion_rate	Float32	13	MT
form_ai_performance	ma_7day_submit_rate	Float32	14	MT
form_ai_performance	wow_submit_rate_change_pct	Float32	15	MT
form_ai_performance	account_avg_submit_rate	Float32	16	MT
form_ai_performance	vs_account_submit_rate_pct	Float32	17	MT
form_ai_performance	is_high_performer	UInt8	18	MT
form_ai_performance	is_low_performer	UInt8	19	MT
form_ai_performance	performance_label	String	20	MT
form_ai_performance	updated_at	DateTime	21	MT
form_metadata	klaviyo_public_id	String	1	MT
form_metadata	form_id	String	2	MT
form_metadata	form_name	String	3	MT
form_metadata	form_type	String	4	MT
form_metadata	status	String	5	MT
form_metadata	is_active	UInt8	6	MT
form_metadata	total_submissions	UInt32	7	MT
form_metadata	created_at	DateTime64(3)	8	MT
form_metadata	updated_at	DateTime64(3)	9	MT
form_metadata	last_submission	DateTime64(3)	10	MT
form_statistics	date	Date	1	MT
form_statistics	klaviyo_public_id	String	2	MT
form_statistics	form_id	String	3	MT
form_statistics	form_name	String	4	MT
form_statistics	store_public_ids	Array(String)	5	MT
form_statistics	viewed_form	UInt32	6	MT
form_statistics	viewed_form_uniques	UInt32	7	MT
form_statistics	qualified_form	UInt32	8	MT
form_statistics	qualified_form_uniques	UInt32	9	MT
form_statistics	submitted_form_step	UInt32	10	MT
form_statistics	submitted_form_step_uniques	UInt32	11	MT
form_statistics	submits	UInt32	12	MT
form_statistics	submits_unique	UInt32	13	MT
form_statistics	submit_rate	Float64	14	MT
form_statistics	closed_form	UInt32	15	MT
form_statistics	closed_form_uniques	UInt32	16	MT
form_statistics	conversion_value	Float64	17	MT
form_statistics	updated_at	DateTime64(3)	18	MT
form_statistics	viewed_form_step	UInt32	19	MT
form_statistics	viewed_form_step_uniques	UInt32	20	MT
form_statistics_latest	klaviyo_public_id	String	1	VIEW
form_statistics_latest	date	Date	2	VIEW
form_statistics_latest	form_id	String	3	VIEW
form_statistics_latest	form_name	String	4	VIEW
form_statistics_latest	store_public_ids	Array(String)	5	VIEW
form_statistics_latest	viewed_form	UInt32	6	VIEW
form_statistics_latest	viewed_form_uniques	UInt32	7	VIEW
form_statistics_latest	submits	UInt32	8	VIEW
form_statistics_latest	submits_unique	UInt32	9	VIEW
form_statistics_latest	viewed_form_step	UInt32	10	VIEW
form_statistics_latest	viewed_form_step_uniques	UInt32	11	VIEW
form_statistics_latest	submitted_form_step	UInt32	12	VIEW
form_statistics_latest	submitted_form_step_uniques	UInt32	13	VIEW
form_statistics_latest	closed_form	UInt32	14	VIEW
form_statistics_latest	closed_form_uniques	UInt32	15	VIEW
form_statistics_latest	qualified_form	UInt32	16	VIEW
form_statistics_latest	qualified_form_uniques	UInt32	17	VIEW
form_statistics_latest	submit_rate	Float64	18	VIEW
form_statistics_latest	conversion_value	Float64	19	VIEW
form_statistics_latest	last_updated	DateTime64(3)	20	VIEW
klaviyo_order_line_items	klaviyo_public_id	String	1	MT
klaviyo_order_line_items	order_id	String	2	MT
klaviyo_order_line_items	product_id	String	3	MT
klaviyo_order_line_items	product_name	String	4	MT
klaviyo_order_line_items	sku	String	5	MT
klaviyo_order_line_items	quantity	Float64	6	MT
klaviyo_order_line_items	unit_price	Float64	7	MT
klaviyo_order_line_items	line_total	Float64	8	MT
klaviyo_order_line_items	product_categories	Array(String)	9	MT
klaviyo_order_line_items	product_brand	String	10	MT
klaviyo_order_line_items	original_price	Float64	11	MT
klaviyo_order_line_items	discount_amount	Float64	12	MT
klaviyo_order_line_items	discount_percentage	Float32	13	MT
klaviyo_order_line_items	discount_type	String	14	MT
klaviyo_order_line_items	discount_code	String	15	MT
klaviyo_order_line_items	discount_title	String	16	MT
klaviyo_order_line_items	customer_email	String	17	MT
klaviyo_order_line_items	order_timestamp	DateTime64(3)	18	MT
klaviyo_order_line_items	order_date	Date	19	MT
klaviyo_order_line_items	inserted_at	DateTime64(3)	20	MT
klaviyo_order_line_items	updated_at	DateTime64(3)	21	MT
klaviyo_order_line_items	attributed_flow_id	String	22	MT
klaviyo_order_line_items	attributed_flow_message_id	String	23	MT
klaviyo_order_line_items	attributed_campaign_id	String	24	MT
klaviyo_order_line_items	attributed_campaign_message_id	String	25	MT
klaviyo_order_line_items	attributed_event_id	String	26	MT
klaviyo_orders	klaviyo_public_id	String	1	MT
klaviyo_orders	store_public_ids	Array(String)	2	MT
klaviyo_orders	order_id	String	3	MT
klaviyo_orders	customer_id	String	4	MT
klaviyo_orders	customer_email	String	5	MT
klaviyo_orders	order_value	Float64	6	MT
klaviyo_orders	subtotal_amount	Float64	7	MT
klaviyo_orders	tax_amount	Float64	8	MT
klaviyo_orders	shipping_amount	Float64	9	MT
klaviyo_orders	discount_amount	Float64	10	MT
klaviyo_orders	refund_amount	Float64	11	MT
klaviyo_orders	currency	String	12	MT
klaviyo_orders	order_date	Date	13	MT
klaviyo_orders	order_timestamp	DateTime64(3)	14	MT
klaviyo_orders	item_count	UInt32	15	MT
klaviyo_orders	channel	String	16	MT
klaviyo_orders	source_name	String	17	MT
klaviyo_orders	is_first_order	UInt8	18	MT
klaviyo_orders	shipping_country	String	19	MT
klaviyo_orders	shipping_state	String	20	MT
klaviyo_orders	shipping_city	String	21	MT
klaviyo_orders	shipping_zip	String	22	MT
klaviyo_orders	billing_country	String	23	MT
klaviyo_orders	billing_state	String	24	MT
klaviyo_orders	billing_city	String	25	MT
klaviyo_orders	billing_zip	String	26	MT
klaviyo_orders	discount_code	String	27	MT
klaviyo_orders	order_name	String	28	MT
klaviyo_orders	fulfillment_status	String	29	MT
klaviyo_orders	order_status_url	String	30	MT
klaviyo_orders	synced_at	DateTime	31	MT
klaviyo_orders	inserted_at	DateTime64(3)	32	MT
klaviyo_orders	updated_at	DateTime64(3)	33	MT
klaviyo_orders	attributed_flow_id	String	34	MT
klaviyo_orders	attributed_flow_message_id	String	35	MT
klaviyo_orders	attributed_campaign_id	String	36	MT
klaviyo_orders	attributed_campaign_message_id	String	37	MT
klaviyo_orders	attributed_event_id	String	38	MT
klaviyo_syncs	klaviyo_public_id	String	1	MT
klaviyo_syncs	store_public_id	String	2	MT
klaviyo_syncs	events_last_sync	DateTime64(3)	3	MT
klaviyo_syncs	campaigns_last_sync	DateTime64(3)	4	MT
klaviyo_syncs	flows_last_sync	DateTime64(3)	5	MT
klaviyo_syncs	forms_last_sync	DateTime64(3)	6	MT
klaviyo_syncs	segments_last_sync	DateTime64(3)	7	MT
klaviyo_syncs	last_full_sync	DateTime64(3)	8	MT
klaviyo_syncs	aggregates_last_run	DateTime64(3)	9	MT
klaviyo_syncs	campaign_aggregates_last_run	DateTime64(3)	10	MT
klaviyo_syncs	customer_profiles_last_run	DateTime64(3)	11	MT
klaviyo_syncs	product_analytics_last_run	DateTime64(3)	12	MT
klaviyo_syncs	is_updating_dashboard	UInt8	13	MT
klaviyo_syncs	sync_errors	Array(String)	14	MT
klaviyo_syncs	created_at	DateTime	15	MT
klaviyo_syncs	updated_at	DateTime64(3)	16	MT
new_customer_products	klaviyo_public_id	String	1	MT
new_customer_products	time_period	String	2	MT
new_customer_products	product_id	String	3	MT
new_customer_products	product_name	String	4	MT
new_customer_products	product_category	String	5	MT
new_customer_products	new_customer_purchases	UInt32	6	MT
new_customer_products	new_customer_revenue	Float64	7	MT
new_customer_products	pct_of_new_customer_orders	Float64	8	MT
new_customer_products	avg_quantity_per_order	Float64	9	MT
new_customer_products	customers_who_repurchased	UInt32	10	MT
new_customer_products	repurchase_rate	Float64	11	MT
new_customer_products	avg_days_to_second_purchase	Float64	12	MT
new_customer_products	avg_ltv_30d	Float64	13	MT
new_customer_products	avg_ltv_60d	Float64	14	MT
new_customer_products	avg_ltv_90d	Float64	15	MT
new_customer_products	rank_by_purchases	UInt32	16	MT
new_customer_products	rank_by_revenue	UInt32	17	MT
new_customer_products	rank_by_repurchase_rate	UInt32	18	MT
new_customer_products	calculated_at	DateTime64(3)	19	MT
product_affinity_matrix	klaviyo_public_id	String	1	MT
product_affinity_matrix	first_product_id	String	2	MT
product_affinity_matrix	first_product_name	String	3	MT
product_affinity_matrix	second_product_id	String	4	MT
product_affinity_matrix	second_product_name	String	5	MT
product_affinity_matrix	customers_bought_both	UInt32	6	MT
product_affinity_matrix	total_first_product_buyers	UInt32	7	MT
product_affinity_matrix	probability_of_second	Float64	8	MT
product_affinity_matrix	lift_score	Float64	9	MT
product_affinity_matrix	confidence_score	Float64	10	MT
product_affinity_matrix	avg_days_between_purchases	Float64	11	MT
product_affinity_matrix	median_days_between	Float64	12	MT
product_affinity_matrix	avg_second_purchase_value	Float64	13	MT
product_affinity_matrix	total_revenue_from_second	Float64	14	MT
product_affinity_matrix	affinity_for_1x_buyers	Float64	15	MT
product_affinity_matrix	affinity_for_2x_buyers	Float64	16	MT
product_affinity_matrix	affinity_for_3x_plus_buyers	Float64	17	MT
product_affinity_matrix	calculated_at	DateTime64(3)	18	MT
product_cohorts	klaviyo_public_id	String	1	MT
product_cohorts	cohort_month	String	2	MT
product_cohorts	product_id	String	3	MT
product_cohorts	product_name	String	4	MT
product_cohorts	month_number	Int32	5	MT
product_cohorts	customers	Int32	6	MT
product_cohorts	revenue	Float64	7	MT
product_cohorts	orders	Int32	8	MT
product_cohorts	retention_rate	Float64	9	MT
product_cohorts	created_at	DateTime	10	MT
product_cohorts	updated_at	DateTime64(3)	11	MT
product_discount_analysis	klaviyo_public_id	String	1	MT
product_discount_analysis	product_id	String	2	MT
product_discount_analysis	product_name	String	3	MT
product_discount_analysis	product_brand	String	4	MT
product_discount_analysis	product_categories	Array(String)	5	MT
product_discount_analysis	total_orders_with_discount	UInt32	6	MT
product_discount_analysis	total_orders_without_discount	UInt32	7	MT
product_discount_analysis	total_discount_amount	Float64	8	MT
product_discount_analysis	avg_discount_percentage	Float32	9	MT
product_discount_analysis	max_discount_percentage	Float32	10	MT
product_discount_analysis	revenue_with_discount	Float64	11	MT
product_discount_analysis	revenue_without_discount	Float64	12	MT
product_discount_analysis	revenue_per_unit_with_discount	Float64	13	MT
product_discount_analysis	revenue_per_unit_without_discount	Float64	14	MT
product_discount_analysis	unique_customers_with_discount	UInt32	15	MT
product_discount_analysis	unique_customers_without_discount	UInt32	16	MT
product_discount_analysis	avg_quantity_with_discount	Float64	17	MT
product_discount_analysis	avg_quantity_without_discount	Float64	18	MT
product_discount_analysis	automatic_discount_orders	UInt32	19	MT
product_discount_analysis	code_discount_orders	UInt32	20	MT
product_discount_analysis	most_used_discount_title	String	21	MT
product_discount_analysis	most_used_discount_code	String	22	MT
product_discount_analysis	analysis_start_date	Date	23	MT
product_discount_analysis	analysis_end_date	Date	24	MT
product_discount_analysis	updated_at	DateTime64(3)	25	MT
product_discount_analysis	discount_dependency_score	Float64	26	MT
product_discount_analysis	discount_abuse_flag	UInt8	27	MT
product_discount_analysis	price_elasticity_score	Float64	28	MT
product_discount_analysis	recommended_discount_range_min	Float64	29	MT
product_discount_analysis	recommended_discount_range_max	Float64	30	MT
product_discount_analysis	revenue_lost_to_discounts	Float64	31	MT
product_discount_analysis	profit_impact	Float64	32	MT
product_discount_analysis	repeat_rate_full_price	Float64	33	MT
product_discount_analysis	repeat_rate_discounted	Float64	34	MT
product_entry_cohorts	klaviyo_public_id	String	1	MT
product_entry_cohorts	cohort_date	Date	2	MT
product_entry_cohorts	entry_product_id	String	3	MT
product_entry_cohorts	entry_product_name	String	4	MT
product_entry_cohorts	entry_product_category	String	5	MT
product_entry_cohorts	entry_channel	String	6	MT
product_entry_cohorts	customer_count	UInt32	7	MT
product_entry_cohorts	month_0_revenue	Float64	8	MT
product_entry_cohorts	month_1_revenue	Float64	9	MT
product_entry_cohorts	month_2_revenue	Float64	10	MT
product_entry_cohorts	month_3_revenue	Float64	11	MT
product_entry_cohorts	month_6_revenue	Float64	12	MT
product_entry_cohorts	month_9_revenue	Float64	13	MT
product_entry_cohorts	month_12_revenue	Float64	14	MT
product_entry_cohorts	month_1_retention	Float64	15	MT
product_entry_cohorts	month_2_retention	Float64	16	MT
product_entry_cohorts	month_3_retention	Float64	17	MT
product_entry_cohorts	month_6_retention	Float64	18	MT
product_entry_cohorts	month_9_retention	Float64	19	MT
product_entry_cohorts	month_12_retention	Float64	20	MT
product_entry_cohorts	cumulative_ltv_3m	Float64	21	MT
product_entry_cohorts	cumulative_ltv_6m	Float64	22	MT
product_entry_cohorts	cumulative_ltv_12m	Float64	23	MT
product_entry_cohorts	payback_period_days	Float64	24	MT
product_entry_cohorts	avg_categories_purchased	Float64	25	MT
product_entry_cohorts	top_cross_sell_categories	Array(String)	26	MT
product_entry_cohorts	category_expansion_rate	Float64	27	MT
product_entry_cohorts	updated_at	DateTime	28	MT
product_ltv_analysis	klaviyo_public_id	String	1	MT
product_ltv_analysis	product_id	String	2	MT
product_ltv_analysis	product_name	String	3	MT
product_ltv_analysis	customers_bought_once	UInt32	4	MT
product_ltv_analysis	customers_bought_twice	UInt32	5	MT
product_ltv_analysis	customers_bought_3plus	UInt32	6	MT
product_ltv_analysis	ltv_from_single_buyers	Float64	7	MT
product_ltv_analysis	ltv_from_repeat_buyers	Float64	8	MT
product_ltv_analysis	ltv_from_frequent_buyers	Float64	9	MT
product_ltv_analysis	avg_customer_ltv_30d	Float64	10	MT
product_ltv_analysis	avg_customer_ltv_60d	Float64	11	MT
product_ltv_analysis	avg_customer_ltv_90d	Float64	12	MT
product_ltv_analysis	avg_customer_ltv_180d	Float64	13	MT
product_ltv_analysis	avg_customer_ltv_lifetime	Float64	14	MT
product_ltv_analysis	pct_of_total_revenue	Float64	15	MT
product_ltv_analysis	revenue_rank	UInt32	16	MT
product_ltv_analysis	calculated_at	DateTime64(3)	17	MT
product_relationships_optimized	klaviyo_public_id	String	1	MT
product_relationships_optimized	product_id_1	String	2	MT
product_relationships_optimized	product_id_2	String	3	MT
product_relationships_optimized	store_public_ids	Array(String)	4	MT
product_relationships_optimized	co_purchase_count	UInt32	5	MT
product_relationships_optimized	support	Float32	6	MT
product_relationships_optimized	confidence	Float32	7	MT
product_relationships_optimized	lift	Float32	8	MT
product_relationships_optimized	product_1_count	UInt32	9	MT
product_relationships_optimized	product_2_count	UInt32	10	MT
product_relationships_optimized	total_orders	UInt32	11	MT
product_relationships_optimized	last_updated	DateTime64(3)	12	MT
product_relationships_optimized	aggregation_date	Date	13	MT
product_relationships_optimized	updated_at	DateTime64(3)	14	MT
product_repurchase_stats	klaviyo_public_id	String	1	MT
product_repurchase_stats	product_id	String	2	MT
product_repurchase_stats	product_name	String	3	MT
product_repurchase_stats	calculation_date	Date	4	MT
product_repurchase_stats	median_repurchase_days	UInt32	5	MT
product_repurchase_stats	q1_days	UInt32	6	MT
product_repurchase_stats	q3_days	UInt32	7	MT
product_repurchase_stats	p95_days	UInt32	8	MT
product_repurchase_stats	total_repurchases	UInt32	9	MT
product_repurchase_stats	repeat_customers	UInt32	10	MT
product_repurchase_stats	product_type	String	11	MT
product_repurchase_stats	recommended_reminder_day	UInt32	12	MT
product_repurchase_stats	bucket1_percentage	Float32	13	MT
product_repurchase_stats	bucket2_percentage	Float32	14	MT
product_repurchase_stats	bucket3_percentage	Float32	15	MT
product_repurchase_stats	bucket4_percentage	Float32	16	MT
product_repurchase_stats	bucket5_percentage	Float32	17	MT
product_repurchase_stats	bucket1_label	String	18	MT
product_repurchase_stats	bucket2_label	String	19	MT
product_repurchase_stats	bucket3_label	String	20	MT
product_repurchase_stats	bucket4_label	String	21	MT
product_repurchase_stats	bucket5_label	String	22	MT
product_repurchase_stats	bucket1_count	UInt32	23	MT
product_repurchase_stats	bucket2_count	UInt32	24	MT
product_repurchase_stats	bucket3_count	UInt32	25	MT
product_repurchase_stats	bucket4_count	UInt32	26	MT
product_repurchase_stats	bucket5_count	UInt32	27	MT
product_repurchase_stats	updated_at	DateTime	28	MT
product_type_performance	klaviyo_public_id	String	1	MT
product_type_performance	product_type	String	2	MT
product_type_performance	total_products	UInt32	3	MT
product_type_performance	total_revenue	Float64	4	MT
product_type_performance	total_orders	UInt32	5	MT
product_type_performance	avg_order_value	Float64	6	MT
product_type_performance	unique_customers	UInt32	7	MT
product_type_performance	customer_ltv	Float64	8	MT
product_type_performance	revenue_per_product	Float64	9	MT
product_type_performance	avg_product_price	Float64	10	MT
product_type_performance	updated_at	DateTime	11	MT
products_master	klaviyo_public_id	String	1	MT
products_master	product_id	String	2	MT
products_master	product_name	String	3	MT
products_master	sku	String	4	MT
products_master	product_brand	String	5	MT
products_master	product_categories	Array(String)	6	MT
products_master	product_type	String	7	MT
products_master	tags	Array(String)	8	MT
products_master	collections	Array(String)	9	MT
products_master	vendor	String	10	MT
products_master	handle	String	11	MT
products_master	product_image_url	String	12	MT
products_master	status	String	13	MT
products_master	store_public_ids	Array(String)	14	MT
products_master	total_revenue	Float64	15	MT
products_master	total_orders	UInt32	16	MT
products_master	unique_customers	UInt32	17	MT
products_master	total_quantity	Float64	18	MT
products_master	avg_price	Float64	19	MT
products_master	min_price	Float64	20	MT
products_master	max_price	Float64	21	MT
products_master	first_sold_date	Date	22	MT
products_master	last_sold_date	Date	23	MT
products_master	updated_at	DateTime64(3)	24	MT
refund_cancelled_orders	klaviyo_public_id	String	1	MT
refund_cancelled_orders	event_id	String	2	MT
refund_cancelled_orders	event_timestamp	DateTime64(3)	3	MT
refund_cancelled_orders	event_type	String	4	MT
refund_cancelled_orders	original_order_id	String	5	MT
refund_cancelled_orders	original_order_timestamp	DateTime64(3)	6	MT
refund_cancelled_orders	customer_id	String	7	MT
refund_cancelled_orders	customer_email	String	8	MT
refund_cancelled_orders	refund_amount	Decimal(10, 2)	9	MT
refund_cancelled_orders	refund_reason	String	10	MT
refund_cancelled_orders	refund_currency	String	11	MT
refund_cancelled_orders	line_items_affected	Array(String)	12	MT
refund_cancelled_orders	products_affected	Array(String)	13	MT
refund_cancelled_orders	quantities_refunded	Array(UInt32)	14	MT
refund_cancelled_orders	metric_id	String	15	MT
refund_cancelled_orders	metric_name	String	16	MT
refund_cancelled_orders	profile_id	String	17	MT
refund_cancelled_orders	event_properties	String	18	MT
refund_cancelled_orders	profile_properties	String	19	MT
refund_cancelled_orders	store_public_ids	Array(String)	20	MT
refund_cancelled_orders	synced_at	DateTime	21	MT
refund_cancelled_orders	inserted_at	DateTime	22	MT
refund_cancelled_orders	processed_at	DateTime64(3)	23	MT
refund_cancelled_orders	updated_at	DateTime64(3)	24	MT
repeat_customers_cache	klaviyo_public_id	String	1	MT
repeat_customers_cache	customer_email	String	2	MT
repeat_customers_cache	order_count	UInt32	3	MT
repeat_customers_cache	is_repeat	UInt8	4	MT
repeat_customers_cache	first_order_date	DateTime64(3)	5	MT
repeat_customers_cache	last_order_date	DateTime64(3)	6	MT
repeat_customers_cache	total_revenue	Float64	7	MT
repeat_customers_cache	last_updated	DateTime64(3)	8	MT
repeat_customers_dict	klaviyo_public_id	String	1	MT
repeat_customers_dict	customer_email	String	2	MT
repeat_customers_dict	order_count	UInt32	3	MT
repeat_customers_dict	is_repeat	UInt8	4	MT
repeat_customers_dict	total_revenue	Float64	5	MT
segment_ai_trends	klaviyo_public_id	String	1	MT
segment_ai_trends	date	Date	2	MT
segment_ai_trends	segment_id	String	3	MT
segment_ai_trends	segment_name	String	4	MT
segment_ai_trends	total_members	UInt32	5	MT
segment_ai_trends	new_members	UInt32	6	MT
segment_ai_trends	removed_members	UInt32	7	MT
segment_ai_trends	daily_change	Int32	8	MT
segment_ai_trends	growth_rate_pct	Float32	9	MT
segment_ai_trends	ma_7day_growth_rate	Float32	10	MT
segment_ai_trends	wow_member_change_pct	Float32	11	MT
segment_ai_trends	mom_member_change_pct	Float32	12	MT
segment_ai_trends	is_growing	UInt8	13	MT
segment_ai_trends	is_shrinking	UInt8	14	MT
segment_ai_trends	growth_label	String	15	MT
segment_ai_trends	updated_at	DateTime	16	MT
segment_metadata	klaviyo_public_id	String	1	MT
segment_metadata	segment_id	String	2	MT
segment_metadata	segment_name	String	3	MT
segment_metadata	segment_type	String	4	MT
segment_metadata	is_dynamic	UInt8	5	MT
segment_metadata	is_active	UInt8	6	MT
segment_metadata	member_count	UInt32	7	MT
segment_metadata	created_at	DateTime64(3)	8	MT
segment_metadata	updated_at	DateTime64(3)	9	MT
segment_metadata	last_processed	DateTime64(3)	10	MT
segment_statistics	date	Date	1	MT
segment_statistics	klaviyo_public_id	String	2	MT
segment_statistics	segment_id	String	3	MT
segment_statistics	segment_name	String	4	MT
segment_statistics	store_public_ids	Array(String)	5	MT
segment_statistics	members_count	UInt32	6	MT
segment_statistics	new_members	UInt32	7	MT
segment_statistics	removed_members	UInt32	8	MT
segment_statistics	daily_change	Int32	9	MT
segment_statistics	total_members	UInt32	10	MT
segment_statistics	conversion_value	Float64	11	MT
segment_statistics	updated_at	DateTime64(3)	12	MT
segment_statistics	tag_ids	Array(String)	13	MT
segment_statistics	tag_names	Array(String)	14	MT
segment_statistics_latest	klaviyo_public_id	String	1	VIEW
segment_statistics_latest	date	Date	2	VIEW
segment_statistics_latest	segment_id	String	3	VIEW
segment_statistics_latest	segment_name	String	4	VIEW
segment_statistics_latest	store_public_ids	Array(String)	5	VIEW
segment_statistics_latest	tag_ids	Array(String)	6	VIEW
segment_statistics_latest	tag_names	Array(String)	7	VIEW
segment_statistics_latest	total_members	UInt32	8	VIEW
segment_statistics_latest	members_count	UInt32	9	VIEW
segment_statistics_latest	new_members	UInt32	10	VIEW
segment_statistics_latest	removed_members	UInt32	11	VIEW
segment_statistics_latest	daily_change	Int32	12	VIEW
segment_statistics_latest	conversion_value	Float64	13	VIEW
segment_statistics_latest	last_updated	DateTime64(3)	14	VIEW
tag_performance	klaviyo_public_id	String	1	MT
tag_performance	tag	String	2	MT
tag_performance	total_products	UInt32	3	MT
tag_performance	total_revenue	Float64	4	MT
tag_performance	total_orders	UInt32	5	MT
tag_performance	unique_customers	UInt32	6	MT
tag_performance	avg_product_price	Float64	7	MT
tag_performance	revenue_per_product	Float64	8	MT
tag_performance	updated_at	DateTime	9	MT